<?xml version="1.0" encoding="UTF-8"?>
<export version="D">
  <design>
    <source>C:\Users\phili\Desktop\STM32F4_Breakout\STM32F4_Breakout.sch</source>
    <date>24/03/2020 15:00:13</date>
    <tool>Eeschema (5.1.5)-3</tool>
    <sheet number="1" name="/" tstamps="/">
      <title_block>
        <title/>
        <company/>
        <rev/>
        <date/>
        <source>STM32F4_Breakout.sch</source>
        <comment number="1" value=""/>
        <comment number="2" value=""/>
        <comment number="3" value=""/>
        <comment number="4" value=""/>
      </title_block>
    </sheet>
  </design>
  <components>
    <comp ref="U2">
      <value>STM32F405RGT6</value>
      <footprint>Package_QFP:LQFP-64_10x10mm_P0.5mm</footprint>
      <datasheet>http://www.st.com/st-web-ui/static/active/en/resource/technical/document/datasheet/DM00037051.pdf</datasheet>
      <libsource lib="MCU_ST_STM32F4" part="STM32F405RGTx" description="ARM Cortex-M4 MCU, 1024KB flash, 128KB RAM, 168MHz, 1.8-3.6V, 51 GPIO, LQFP-64"/>
      <sheetpath names="/" tstamps="/"/>
      <tstamp>5E79EF3F</tstamp>
    </comp>
    <comp ref="U1">
      <value>AMS1117-3.3</value>
      <footprint>Package_TO_SOT_SMD:SOT-223-3_TabPin2</footprint>
      <datasheet>http://www.advanced-monolithic.com/pdf/ds1117.pdf</datasheet>
      <libsource lib="Regulator_Linear" part="AMS1117-3.3" description="1A Low Dropout regulator, positive, 3.3V fixed output, SOT-223"/>
      <sheetpath names="/" tstamps="/"/>
      <tstamp>5E7A1557</tstamp>
    </comp>
    <comp ref="FB1">
      <value>100 @ 100 MHz</value>
      <footprint>Inductor_SMD:L_0805_2012Metric</footprint>
      <datasheet>~</datasheet>
      <libsource lib="Device" part="Ferrite_Bead_Small" description="Ferrite bead, small symbol"/>
      <sheetpath names="/" tstamps="/"/>
      <tstamp>5E7A250C</tstamp>
    </comp>
    <comp ref="F1">
      <value>500mA</value>
      <footprint>Fuse:Fuse_0603_1608Metric</footprint>
      <datasheet>~</datasheet>
      <libsource lib="Device" part="Fuse_Small" description="Fuse, small symbol"/>
      <sheetpath names="/" tstamps="/"/>
      <tstamp>5E7A2D18</tstamp>
    </comp>
    <comp ref="D1">
      <value>B5819W</value>
      <footprint>Diode_SMD:D_SOD-123</footprint>
      <datasheet>~</datasheet>
      <libsource lib="Device" part="D_Schottky_Small" description="Schottky diode, small symbol"/>
      <sheetpath names="/" tstamps="/"/>
      <tstamp>5E7AA679</tstamp>
    </comp>
    <comp ref="C1">
      <value>10u</value>
      <footprint>Capacitor_SMD:C_0805_2012Metric</footprint>
      <datasheet>~</datasheet>
      <libsource lib="Device" part="C_Small" description="Unpolarized capacitor, small symbol"/>
      <sheetpath names="/" tstamps="/"/>
      <tstamp>5E7AD344</tstamp>
    </comp>
    <comp ref="C2">
      <value>10u</value>
      <footprint>Capacitor_SMD:C_0805_2012Metric</footprint>
      <datasheet>~</datasheet>
      <libsource lib="Device" part="C_Small" description="Unpolarized capacitor, small symbol"/>
      <sheetpath names="/" tstamps="/"/>
      <tstamp>5E7AE84E</tstamp>
    </comp>
    <comp ref="FB2">
      <value>100 @ 100 MHz</value>
      <footprint>Inductor_SMD:L_0805_2012Metric</footprint>
      <datasheet>~</datasheet>
      <libsource lib="Device" part="Ferrite_Bead_Small" description="Ferrite bead, small symbol"/>
      <sheetpath names="/" tstamps="/"/>
      <tstamp>5E7BE8FE</tstamp>
    </comp>
    <comp ref="C13">
      <value>100nf</value>
      <footprint>Capacitor_SMD:C_0402_1005Metric</footprint>
      <datasheet>~</datasheet>
      <libsource lib="Device" part="C_Small" description="Unpolarized capacitor, small symbol"/>
      <sheetpath names="/" tstamps="/"/>
      <tstamp>5E7C0B5A</tstamp>
    </comp>
    <comp ref="C14">
      <value>10n</value>
      <footprint>Capacitor_SMD:C_0402_1005Metric</footprint>
      <datasheet>~</datasheet>
      <libsource lib="Device" part="C_Small" description="Unpolarized capacitor, small symbol"/>
      <sheetpath names="/" tstamps="/"/>
      <tstamp>5E7C281E</tstamp>
    </comp>
    <comp ref="C5">
      <value>100nf</value>
      <footprint>Capacitor_SMD:C_0402_1005Metric</footprint>
      <datasheet>~</datasheet>
      <libsource lib="Device" part="C_Small" description="Unpolarized capacitor, small symbol"/>
      <sheetpath names="/" tstamps="/"/>
      <tstamp>5E7DA205</tstamp>
    </comp>
    <comp ref="C6">
      <value>100nf</value>
      <footprint>Capacitor_SMD:C_0402_1005Metric</footprint>
      <datasheet>~</datasheet>
      <libsource lib="Device" part="C_Small" description="Unpolarized capacitor, small symbol"/>
      <sheetpath names="/" tstamps="/"/>
      <tstamp>5E7DD4E0</tstamp>
    </comp>
    <comp ref="C7">
      <value>100nf</value>
      <footprint>Capacitor_SMD:C_0402_1005Metric</footprint>
      <datasheet>~</datasheet>
      <libsource lib="Device" part="C_Small" description="Unpolarized capacitor, small symbol"/>
      <sheetpath names="/" tstamps="/"/>
      <tstamp>5E7DE7F5</tstamp>
    </comp>
    <comp ref="C8">
      <value>100nf</value>
      <footprint>Capacitor_SMD:C_0402_1005Metric</footprint>
      <datasheet>~</datasheet>
      <libsource lib="Device" part="C_Small" description="Unpolarized capacitor, small symbol"/>
      <sheetpath names="/" tstamps="/"/>
      <tstamp>5E7DE7FB</tstamp>
    </comp>
    <comp ref="C9">
      <value>100nf</value>
      <footprint>Capacitor_SMD:C_0402_1005Metric</footprint>
      <datasheet>~</datasheet>
      <libsource lib="Device" part="C_Small" description="Unpolarized capacitor, small symbol"/>
      <sheetpath names="/" tstamps="/"/>
      <tstamp>5E7DF466</tstamp>
    </comp>
    <comp ref="C10">
      <value>100nf</value>
      <footprint>Capacitor_SMD:C_0402_1005Metric</footprint>
      <datasheet>~</datasheet>
      <libsource lib="Device" part="C_Small" description="Unpolarized capacitor, small symbol"/>
      <sheetpath names="/" tstamps="/"/>
      <tstamp>5E7DF46C</tstamp>
    </comp>
    <comp ref="C11">
      <value>100nf</value>
      <footprint>Capacitor_SMD:C_0402_1005Metric</footprint>
      <datasheet>~</datasheet>
      <libsource lib="Device" part="C_Small" description="Unpolarized capacitor, small symbol"/>
      <sheetpath names="/" tstamps="/"/>
      <tstamp>5E7E0657</tstamp>
    </comp>
    <comp ref="C12">
      <value>100nf</value>
      <footprint>Capacitor_SMD:C_0402_1005Metric</footprint>
      <datasheet>~</datasheet>
      <libsource lib="Device" part="C_Small" description="Unpolarized capacitor, small symbol"/>
      <sheetpath names="/" tstamps="/"/>
      <tstamp>5E7E065D</tstamp>
    </comp>
    <comp ref="C4">
      <value>100nf</value>
      <footprint>Capacitor_SMD:C_0402_1005Metric</footprint>
      <datasheet>~</datasheet>
      <libsource lib="Device" part="C_Small" description="Unpolarized capacitor, small symbol"/>
      <sheetpath names="/" tstamps="/"/>
      <tstamp>5E7E130C</tstamp>
    </comp>
    <comp ref="C3">
      <value>10u</value>
      <footprint>Capacitor_SMD:C_0603_1608Metric</footprint>
      <datasheet>~</datasheet>
      <libsource lib="Device" part="C_Small" description="Unpolarized capacitor, small symbol"/>
      <sheetpath names="/" tstamps="/"/>
      <tstamp>5E7E2231</tstamp>
    </comp>
    <comp ref="C16">
      <value>2.2u</value>
      <footprint>Capacitor_SMD:C_0603_1608Metric</footprint>
      <datasheet>~</datasheet>
      <libsource lib="Device" part="C_Small" description="Unpolarized capacitor, small symbol"/>
      <sheetpath names="/" tstamps="/"/>
      <tstamp>5E815FE5</tstamp>
    </comp>
    <comp ref="C15">
      <value>2.2u</value>
      <footprint>Capacitor_SMD:C_0603_1608Metric</footprint>
      <datasheet>~</datasheet>
      <libsource lib="Device" part="C_Small" description="Unpolarized capacitor, small symbol"/>
      <sheetpath names="/" tstamps="/"/>
      <tstamp>5E81A6C4</tstamp>
    </comp>
    <comp ref="HSE1">
      <value>16MHz</value>
      <footprint>Crystal:Crystal_SMD_3225-4Pin_3.2x2.5mm</footprint>
      <datasheet>~</datasheet>
      <libsource lib="Device" part="Crystal_GND24_Small" description="Four pin crystal, GND on pins 2 and 4, small symbol"/>
      <sheetpath names="/" tstamps="/"/>
      <tstamp>5E827EDE</tstamp>
    </comp>
    <comp ref="R6">
      <value>220</value>
      <footprint>Resistor_SMD:R_0402_1005Metric</footprint>
      <datasheet>~</datasheet>
      <libsource lib="Device" part="R_Small" description="Resistor, small symbol"/>
      <sheetpath names="/" tstamps="/"/>
      <tstamp>5E82E580</tstamp>
    </comp>
    <comp ref="C18">
      <value>12p</value>
      <footprint>Capacitor_SMD:C_0402_1005Metric</footprint>
      <datasheet>~</datasheet>
      <libsource lib="Device" part="C_Small" description="Unpolarized capacitor, small symbol"/>
      <sheetpath names="/" tstamps="/"/>
      <tstamp>5E830A9D</tstamp>
    </comp>
    <comp ref="C17">
      <value>12p</value>
      <footprint>Capacitor_SMD:C_0402_1005Metric</footprint>
      <datasheet>~</datasheet>
      <libsource lib="Device" part="C_Small" description="Unpolarized capacitor, small symbol"/>
      <sheetpath names="/" tstamps="/"/>
      <tstamp>5E831218</tstamp>
    </comp>
    <comp ref="R2">
      <value>10k</value>
      <footprint>Resistor_SMD:R_0402_1005Metric</footprint>
      <datasheet>~</datasheet>
      <libsource lib="Device" part="R_Small" description="Resistor, small symbol"/>
      <sheetpath names="/" tstamps="/"/>
      <tstamp>5E875012</tstamp>
    </comp>
    <comp ref="R3">
      <value>10k</value>
      <footprint>Resistor_SMD:R_0402_1005Metric</footprint>
      <datasheet>~</datasheet>
      <libsource lib="Device" part="R_Small" description="Resistor, small symbol"/>
      <sheetpath names="/" tstamps="/"/>
      <tstamp>5E876192</tstamp>
    </comp>
    <comp ref="J4">
      <value>Conn_02x05_Odd_Even</value>
      <footprint>Connector_PinHeader_1.27mm:PinHeader_2x05_P1.27mm_Vertical_SMD</footprint>
      <datasheet>~</datasheet>
      <libsource lib="Connector_Generic" part="Conn_02x05_Odd_Even" description="Generic connector, double row, 02x05, odd/even pin numbering scheme (row 1 odd numbers, row 2 even numbers), script generated (kicad-library-utils/schlib/autogen/connector/)"/>
      <sheetpath names="/" tstamps="/"/>
      <tstamp>5E891CD6</tstamp>
    </comp>
    <comp ref="D3">
      <value>Red</value>
      <footprint>LED_SMD:LED_0603_1608Metric</footprint>
      <datasheet>~</datasheet>
      <libsource lib="Device" part="LED_Small" description="Light emitting diode, small symbol"/>
      <sheetpath names="/" tstamps="/"/>
      <tstamp>5E8C5598</tstamp>
    </comp>
    <comp ref="R7">
      <value>2k2</value>
      <footprint>Resistor_SMD:R_0603_1608Metric</footprint>
      <datasheet>~</datasheet>
      <libsource lib="Device" part="R_Small" description="Resistor, small symbol"/>
      <sheetpath names="/" tstamps="/"/>
      <tstamp>5E8C9D01</tstamp>
    </comp>
    <comp ref="D2">
      <value>Red</value>
      <footprint>LED_SMD:LED_0603_1608Metric</footprint>
      <datasheet>~</datasheet>
      <libsource lib="Device" part="LED_Small" description="Light emitting diode, small symbol"/>
      <sheetpath names="/" tstamps="/"/>
      <tstamp>5E94B3D2</tstamp>
    </comp>
    <comp ref="R1">
      <value>2k2</value>
      <footprint>Resistor_SMD:R_0603_1608Metric</footprint>
      <datasheet>~</datasheet>
      <libsource lib="Device" part="R_Small" description="Resistor, small symbol"/>
      <sheetpath names="/" tstamps="/"/>
      <tstamp>5E9509E8</tstamp>
    </comp>
    <comp ref="J2">
      <value>Conn_01x02</value>
      <footprint>Connector_PinHeader_2.54mm:PinHeader_1x02_P2.54mm_Vertical</footprint>
      <datasheet>~</datasheet>
      <libsource lib="Connector_Generic" part="Conn_01x02" description="Generic connector, single row, 01x02, script generated (kicad-library-utils/schlib/autogen/connector/)"/>
      <sheetpath names="/" tstamps="/"/>
      <tstamp>5EA2EE74</tstamp>
    </comp>
    <comp ref="J5">
      <value>Conn_01x02</value>
      <footprint>Connector_PinHeader_2.54mm:PinHeader_1x02_P2.54mm_Vertical</footprint>
      <datasheet>~</datasheet>
      <libsource lib="Connector_Generic" part="Conn_01x02" description="Generic connector, single row, 01x02, script generated (kicad-library-utils/schlib/autogen/connector/)"/>
      <sheetpath names="/" tstamps="/"/>
      <tstamp>5EA33955</tstamp>
    </comp>
    <comp ref="R4">
      <value>2k2</value>
      <footprint>Resistor_SMD:R_0402_1005Metric</footprint>
      <datasheet>~</datasheet>
      <libsource lib="Device" part="R_Small" description="Resistor, small symbol"/>
      <sheetpath names="/" tstamps="/"/>
      <tstamp>5EA39D43</tstamp>
    </comp>
    <comp ref="R5">
      <value>2k2</value>
      <footprint>Resistor_SMD:R_0402_1005Metric</footprint>
      <datasheet>~</datasheet>
      <libsource lib="Device" part="R_Small" description="Resistor, small symbol"/>
      <sheetpath names="/" tstamps="/"/>
      <tstamp>5EA3A2C5</tstamp>
    </comp>
    <comp ref="J6">
      <value>Conn_01x04</value>
      <footprint>Connector_PinHeader_2.54mm:PinHeader_1x04_P2.54mm_Vertical</footprint>
      <datasheet>~</datasheet>
      <libsource lib="Connector_Generic" part="Conn_01x04" description="Generic connector, single row, 01x04, script generated (kicad-library-utils/schlib/autogen/connector/)"/>
      <sheetpath names="/" tstamps="/"/>
      <tstamp>5EA53EA8</tstamp>
    </comp>
    <comp ref="J1">
      <value>Conn_01x02</value>
      <footprint>Connector_PinHeader_2.54mm:PinHeader_1x02_P2.54mm_Vertical</footprint>
      <datasheet>~</datasheet>
      <libsource lib="Connector_Generic" part="Conn_01x02" description="Generic connector, single row, 01x02, script generated (kicad-library-utils/schlib/autogen/connector/)"/>
      <sheetpath names="/" tstamps="/"/>
      <tstamp>5EA58DB0</tstamp>
    </comp>
    <comp ref="J3">
      <value>Conn_01x02</value>
      <footprint>Connector_PinHeader_2.54mm:PinHeader_1x02_P2.54mm_Vertical</footprint>
      <datasheet>~</datasheet>
      <libsource lib="Connector_Generic" part="Conn_01x02" description="Generic connector, single row, 01x02, script generated (kicad-library-utils/schlib/autogen/connector/)"/>
      <sheetpath names="/" tstamps="/"/>
      <tstamp>5EA62FC6</tstamp>
    </comp>
    <comp ref="H1">
      <value>MountingHole_Pad</value>
      <footprint>MountingHole:MountingHole_4.3mm_M4_Pad_Via</footprint>
      <datasheet>~</datasheet>
      <libsource lib="Mechanical" part="MountingHole_Pad" description="Mounting Hole with connection"/>
      <sheetpath names="/" tstamps="/"/>
      <tstamp>5EAA8FBE</tstamp>
    </comp>
    <comp ref="H2">
      <value>MountingHole_Pad</value>
      <footprint>MountingHole:MountingHole_4.3mm_M4_Pad_Via</footprint>
      <datasheet>~</datasheet>
      <libsource lib="Mechanical" part="MountingHole_Pad" description="Mounting Hole with connection"/>
      <sheetpath names="/" tstamps="/"/>
      <tstamp>5EAA9B98</tstamp>
    </comp>
    <comp ref="H3">
      <value>MountingHole_Pad</value>
      <footprint>MountingHole:MountingHole_4.3mm_M4_Pad_Via</footprint>
      <datasheet>~</datasheet>
      <libsource lib="Mechanical" part="MountingHole_Pad" description="Mounting Hole with connection"/>
      <sheetpath names="/" tstamps="/"/>
      <tstamp>5EAA9E25</tstamp>
    </comp>
    <comp ref="H4">
      <value>MountingHole_Pad</value>
      <footprint>MountingHole:MountingHole_4.3mm_M4_Pad_Via</footprint>
      <datasheet>~</datasheet>
      <libsource lib="Mechanical" part="MountingHole_Pad" description="Mounting Hole with connection"/>
      <sheetpath names="/" tstamps="/"/>
      <tstamp>5EAAA0EE</tstamp>
    </comp>
  </components>
  <libparts>
    <libpart lib="Connector_Generic" part="Conn_01x02">
      <description>Generic connector, single row, 01x02, script generated (kicad-library-utils/schlib/autogen/connector/)</description>
      <docs>~</docs>
      <footprints>
        <fp>Connector*:*_1x??_*</fp>
      </footprints>
      <fields>
        <field name="Reference">J</field>
        <field name="Value">Conn_01x02</field>
      </fields>
      <pins>
        <pin num="1" name="Pin_1" type="passive"/>
        <pin num="2" name="Pin_2" type="passive"/>
      </pins>
    </libpart>
    <libpart lib="Connector_Generic" part="Conn_01x04">
      <description>Generic connector, single row, 01x04, script generated (kicad-library-utils/schlib/autogen/connector/)</description>
      <docs>~</docs>
      <footprints>
        <fp>Connector*:*_1x??_*</fp>
      </footprints>
      <fields>
        <field name="Reference">J</field>
        <field name="Value">Conn_01x04</field>
      </fields>
      <pins>
        <pin num="1" name="Pin_1" type="passive"/>
        <pin num="2" name="Pin_2" type="passive"/>
        <pin num="3" name="Pin_3" type="passive"/>
        <pin num="4" name="Pin_4" type="passive"/>
      </pins>
    </libpart>
    <libpart lib="Connector_Generic" part="Conn_02x05_Odd_Even">
      <description>Generic connector, double row, 02x05, odd/even pin numbering scheme (row 1 odd numbers, row 2 even numbers), script generated (kicad-library-utils/schlib/autogen/connector/)</description>
      <docs>~</docs>
      <footprints>
        <fp>Connector*:*_2x??_*</fp>
      </footprints>
      <fields>
        <field name="Reference">J</field>
        <field name="Value">Conn_02x05_Odd_Even</field>
      </fields>
      <pins>
        <pin num="1" name="Pin_1" type="passive"/>
        <pin num="2" name="Pin_2" type="passive"/>
        <pin num="3" name="Pin_3" type="passive"/>
        <pin num="4" name="Pin_4" type="passive"/>
        <pin num="5" name="Pin_5" type="passive"/>
        <pin num="6" name="Pin_6" type="passive"/>
        <pin num="7" name="Pin_7" type="passive"/>
        <pin num="8" name="Pin_8" type="passive"/>
        <pin num="9" name="Pin_9" type="passive"/>
        <pin num="10" name="Pin_10" type="passive"/>
      </pins>
    </libpart>
    <libpart lib="Device" part="C_Small">
      <description>Unpolarized capacitor, small symbol</description>
      <docs>~</docs>
      <footprints>
        <fp>C_*</fp>
      </footprints>
      <fields>
        <field name="Reference">C</field>
        <field name="Value">C_Small</field>
      </fields>
      <pins>
        <pin num="1" name="~" type="passive"/>
        <pin num="2" name="~" type="passive"/>
      </pins>
    </libpart>
    <libpart lib="Device" part="Crystal_GND24_Small">
      <description>Four pin crystal, GND on pins 2 and 4, small symbol</description>
      <docs>~</docs>
      <footprints>
        <fp>Crystal*</fp>
      </footprints>
      <fields>
        <field name="Reference">Y</field>
        <field name="Value">Crystal_GND24_Small</field>
      </fields>
      <pins>
        <pin num="1" name="1" type="passive"/>
        <pin num="2" name="2" type="passive"/>
        <pin num="3" name="3" type="passive"/>
        <pin num="4" name="4" type="passive"/>
      </pins>
    </libpart>
    <libpart lib="Device" part="D_Schottky_Small">
      <description>Schottky diode, small symbol</description>
      <docs>~</docs>
      <footprints>
        <fp>TO-???*</fp>
        <fp>*_Diode_*</fp>
        <fp>*SingleDiode*</fp>
        <fp>D_*</fp>
      </footprints>
      <fields>
        <field name="Reference">D</field>
        <field name="Value">D_Schottky_Small</field>
      </fields>
      <pins>
        <pin num="1" name="K" type="passive"/>
        <pin num="2" name="A" type="passive"/>
      </pins>
    </libpart>
    <libpart lib="Device" part="Ferrite_Bead_Small">
      <description>Ferrite bead, small symbol</description>
      <docs>~</docs>
      <footprints>
        <fp>Inductor_*</fp>
        <fp>L_*</fp>
        <fp>*Ferrite*</fp>
      </footprints>
      <fields>
        <field name="Reference">FB</field>
        <field name="Value">Ferrite_Bead_Small</field>
      </fields>
      <pins>
        <pin num="1" name="~" type="passive"/>
        <pin num="2" name="~" type="passive"/>
      </pins>
    </libpart>
    <libpart lib="Device" part="Fuse_Small">
      <description>Fuse, small symbol</description>
      <docs>~</docs>
      <footprints>
        <fp>SM*</fp>
      </footprints>
      <fields>
        <field name="Reference">F</field>
        <field name="Value">Fuse_Small</field>
      </fields>
      <pins>
        <pin num="1" name="~" type="passive"/>
        <pin num="2" name="~" type="passive"/>
      </pins>
    </libpart>
    <libpart lib="Device" part="LED_Small">
      <description>Light emitting diode, small symbol</description>
      <docs>~</docs>
      <footprints>
        <fp>LED*</fp>
        <fp>LED_SMD:*</fp>
        <fp>LED_THT:*</fp>
      </footprints>
      <fields>
        <field name="Reference">D</field>
        <field name="Value">LED_Small</field>
      </fields>
      <pins>
        <pin num="1" name="K" type="passive"/>
        <pin num="2" name="A" type="passive"/>
      </pins>
    </libpart>
    <libpart lib="Device" part="R_Small">
      <description>Resistor, small symbol</description>
      <docs>~</docs>
      <footprints>
        <fp>R_*</fp>
      </footprints>
      <fields>
        <field name="Reference">R</field>
        <field name="Value">R_Small</field>
      </fields>
      <pins>
        <pin num="1" name="~" type="passive"/>
        <pin num="2" name="~" type="passive"/>
      </pins>
    </libpart>
    <libpart lib="MCU_ST_STM32F4" part="STM32F405RGTx">
      <description>ARM Cortex-M4 MCU, 1024KB flash, 128KB RAM, 168MHz, 1.8-3.6V, 51 GPIO, LQFP-64</description>
      <docs>http://www.st.com/st-web-ui/static/active/en/resource/technical/document/datasheet/DM00037051.pdf</docs>
      <footprints>
        <fp>LQFP*10x10mm*P0.5mm*</fp>
      </footprints>
      <fields>
        <field name="Reference">U</field>
        <field name="Value">STM32F405RGTx</field>
        <field name="Footprint">Package_QFP:LQFP-64_10x10mm_P0.5mm</field>
      </fields>
      <pins>
        <pin num="1" name="VBAT" type="power_in"/>
        <pin num="2" name="PC13" type="BiDi"/>
        <pin num="3" name="PC14" type="BiDi"/>
        <pin num="4" name="PC15" type="BiDi"/>
        <pin num="5" name="PH0" type="input"/>
        <pin num="6" name="PH1" type="input"/>
        <pin num="7" name="NRST" type="input"/>
        <pin num="8" name="PC0" type="BiDi"/>
        <pin num="9" name="PC1" type="BiDi"/>
        <pin num="10" name="PC2" type="BiDi"/>
        <pin num="11" name="PC3" type="BiDi"/>
        <pin num="12" name="VSSA" type="power_in"/>
        <pin num="13" name="VDDA" type="power_in"/>
        <pin num="14" name="PA0" type="BiDi"/>
        <pin num="15" name="PA1" type="BiDi"/>
        <pin num="16" name="PA2" type="BiDi"/>
        <pin num="17" name="PA3" type="BiDi"/>
        <pin num="18" name="VSS" type="power_in"/>
        <pin num="19" name="VDD" type="power_in"/>
        <pin num="20" name="PA4" type="BiDi"/>
        <pin num="21" name="PA5" type="BiDi"/>
        <pin num="22" name="PA6" type="BiDi"/>
        <pin num="23" name="PA7" type="BiDi"/>
        <pin num="24" name="PC4" type="BiDi"/>
        <pin num="25" name="PC5" type="BiDi"/>
        <pin num="26" name="PB0" type="BiDi"/>
        <pin num="27" name="PB1" type="BiDi"/>
        <pin num="28" name="PB2" type="BiDi"/>
        <pin num="29" name="PB10" type="BiDi"/>
        <pin num="30" name="PB11" type="BiDi"/>
        <pin num="31" name="VCAP_1" type="power_in"/>
        <pin num="32" name="VDD" type="power_in"/>
        <pin num="33" name="PB12" type="BiDi"/>
        <pin num="34" name="PB13" type="BiDi"/>
        <pin num="35" name="PB14" type="BiDi"/>
        <pin num="36" name="PB15" type="BiDi"/>
        <pin num="37" name="PC6" type="BiDi"/>
        <pin num="38" name="PC7" type="BiDi"/>
        <pin num="39" name="PC8" type="BiDi"/>
        <pin num="40" name="PC9" type="BiDi"/>
        <pin num="41" name="PA8" type="BiDi"/>
        <pin num="42" name="PA9" type="BiDi"/>
        <pin num="43" name="PA10" type="BiDi"/>
        <pin num="44" name="PA11" type="BiDi"/>
        <pin num="45" name="PA12" type="BiDi"/>
        <pin num="46" name="PA13" type="BiDi"/>
        <pin num="47" name="VCAP_2" type="power_in"/>
        <pin num="48" name="VDD" type="power_in"/>
        <pin num="49" name="PA14" type="BiDi"/>
        <pin num="50" name="PA15" type="BiDi"/>
        <pin num="51" name="PC10" type="BiDi"/>
        <pin num="52" name="PC11" type="BiDi"/>
        <pin num="53" name="PC12" type="BiDi"/>
        <pin num="54" name="PD2" type="BiDi"/>
        <pin num="55" name="PB3" type="BiDi"/>
        <pin num="56" name="PB4" type="BiDi"/>
        <pin num="57" name="PB5" type="BiDi"/>
        <pin num="58" name="PB6" type="BiDi"/>
        <pin num="59" name="PB7" type="BiDi"/>
        <pin num="60" name="BOOT0" type="input"/>
        <pin num="61" name="PB8" type="BiDi"/>
        <pin num="62" name="PB9" type="BiDi"/>
        <pin num="63" name="VSS" type="power_in"/>
        <pin num="64" name="VDD" type="power_in"/>
      </pins>
    </libpart>
    <libpart lib="Mechanical" part="MountingHole_Pad">
      <description>Mounting Hole with connection</description>
      <docs>~</docs>
      <footprints>
        <fp>MountingHole*Pad*</fp>
      </footprints>
      <fields>
        <field name="Reference">H</field>
        <field name="Value">MountingHole_Pad</field>
      </fields>
      <pins>
        <pin num="1" name="1" type="input"/>
      </pins>
    </libpart>
    <libpart lib="Regulator_Linear" part="AP1117-15">
      <aliases>
        <alias>AP1117-18</alias>
        <alias>AP1117-25</alias>
        <alias>AP1117-33</alias>
        <alias>AP1117-50</alias>
        <alias>LD1117S33TR_SOT223</alias>
        <alias>LD1117S12TR_SOT223</alias>
        <alias>LD1117S18TR_SOT223</alias>
        <alias>LD1117S25TR_SOT223</alias>
        <alias>LD1117S50TR_SOT223</alias>
        <alias>NCP1117-12_SOT223</alias>
        <alias>NCP1117-1.5_SOT223</alias>
        <alias>NCP1117-1.8_SOT223</alias>
        <alias>NCP1117-2.0_SOT223</alias>
        <alias>NCP1117-2.5_SOT223</alias>
        <alias>NCP1117-2.85_SOT223</alias>
        <alias>NCP1117-3.3_SOT223</alias>
        <alias>NCP1117-5.0_SOT223</alias>
        <alias>AMS1117-1.5</alias>
        <alias>AMS1117-1.8</alias>
        <alias>AMS1117-2.5</alias>
        <alias>AMS1117-2.85</alias>
        <alias>AMS1117-3.3</alias>
        <alias>AMS1117-5.0</alias>
      </aliases>
      <description>1A Low Dropout regulator, positive, 1.5V fixed output, SOT-223</description>
      <docs>http://www.diodes.com/datasheets/AP1117.pdf</docs>
      <footprints>
        <fp>SOT?223*TabPin2*</fp>
      </footprints>
      <fields>
        <field name="Reference">U</field>
        <field name="Value">AP1117-15</field>
        <field name="Footprint">Package_TO_SOT_SMD:SOT-223-3_TabPin2</field>
      </fields>
      <pins>
        <pin num="1" name="GND" type="power_in"/>
        <pin num="2" name="VO" type="power_out"/>
        <pin num="3" name="VI" type="power_in"/>
      </pins>
    </libpart>
  </libparts>
  <libraries>
    <library logical="Connector_Generic">
      <uri>C:\Program Files\KiCad\share\kicad\library/Connector_Generic.lib</uri>
    </library>
    <library logical="Device">
      <uri>C:\Program Files\KiCad\share\kicad\library/Device.lib</uri>
    </library>
    <library logical="MCU_ST_STM32F4">
      <uri>C:\Program Files\KiCad\share\kicad\library/MCU_ST_STM32F4.lib</uri>
    </library>
    <library logical="Mechanical">
      <uri>C:\Program Files\KiCad\share\kicad\library/Mechanical.lib</uri>
    </library>
    <library logical="Regulator_Linear">
      <uri>C:\Program Files\KiCad\share\kicad\library/Regulator_Linear.lib</uri>
    </library>
  </libraries>
  <nets>
    <net code="1" name="GND">
      <node ref="C1" pin="2"/>
      <node ref="C10" pin="2"/>
      <node ref="C17" pin="2"/>
      <node ref="C2" pin="2"/>
      <node ref="C18" pin="2"/>
      <node ref="R1" pin="2"/>
      <node ref="HSE1" pin="4"/>
      <node ref="U2" pin="18"/>
      <node ref="R7" pin="2"/>
      <node ref="U2" pin="63"/>
      <node ref="U2" pin="12"/>
      <node ref="U1" pin="1"/>
      <node ref="H4" pin="1"/>
      <node ref="HSE1" pin="2"/>
      <node ref="J1" pin="2"/>
      <node ref="J3" pin="2"/>
      <node ref="H1" pin="1"/>
      <node ref="H2" pin="1"/>
      <node ref="C13" pin="2"/>
      <node ref="C14" pin="2"/>
      <node ref="H3" pin="1"/>
      <node ref="R2" pin="2"/>
      <node ref="C3" pin="2"/>
      <node ref="C5" pin="2"/>
      <node ref="C6" pin="2"/>
      <node ref="J4" pin="5"/>
      <node ref="J4" pin="3"/>
      <node ref="C12" pin="2"/>
      <node ref="C4" pin="2"/>
      <node ref="R3" pin="2"/>
      <node ref="J4" pin="9"/>
      <node ref="C11" pin="2"/>
      <node ref="C15" pin="2"/>
      <node ref="C9" pin="2"/>
      <node ref="C16" pin="2"/>
      <node ref="C7" pin="2"/>
      <node ref="C8" pin="2"/>
    </net>
    <net code="2" name="Net-(J4-Pad7)">
      <node ref="J4" pin="7"/>
    </net>
    <net code="3" name="NRST">
      <node ref="J4" pin="10"/>
      <node ref="U2" pin="7"/>
    </net>
    <net code="4" name="+3V3">
      <node ref="C9" pin="1"/>
      <node ref="C11" pin="1"/>
      <node ref="U2" pin="64"/>
      <node ref="C2" pin="1"/>
      <node ref="C10" pin="1"/>
      <node ref="U1" pin="2"/>
      <node ref="U2" pin="48"/>
      <node ref="U2" pin="32"/>
      <node ref="U2" pin="19"/>
      <node ref="J4" pin="1"/>
      <node ref="C12" pin="1"/>
      <node ref="C4" pin="1"/>
      <node ref="C3" pin="1"/>
      <node ref="C5" pin="1"/>
      <node ref="C6" pin="1"/>
      <node ref="U2" pin="1"/>
      <node ref="C7" pin="1"/>
      <node ref="C8" pin="1"/>
      <node ref="J3" pin="1"/>
      <node ref="FB2" pin="2"/>
      <node ref="D2" pin="2"/>
      <node ref="R5" pin="1"/>
      <node ref="R4" pin="1"/>
    </net>
    <net code="5" name="Net-(J4-Pad8)">
      <node ref="J4" pin="8"/>
    </net>
    <net code="6" name="BOOT1">
      <node ref="U2" pin="28"/>
      <node ref="R3" pin="1"/>
    </net>
    <net code="7" name="BOOT0">
      <node ref="U2" pin="60"/>
      <node ref="R2" pin="1"/>
    </net>
    <net code="8" name="Net-(C16-Pad1)">
      <node ref="C16" pin="1"/>
      <node ref="U2" pin="47"/>
    </net>
    <net code="9" name="Net-(C15-Pad1)">
      <node ref="C15" pin="1"/>
      <node ref="U2" pin="31"/>
    </net>
    <net code="10" name="Net-(C18-Pad1)">
      <node ref="C18" pin="1"/>
      <node ref="HSE1" pin="3"/>
      <node ref="R6" pin="2"/>
    </net>
    <net code="11" name="Net-(D3-Pad1)">
      <node ref="R7" pin="1"/>
      <node ref="D3" pin="1"/>
    </net>
    <net code="12" name="VCC">
      <node ref="J1" pin="1"/>
      <node ref="D1" pin="2"/>
    </net>
    <net code="13" name="Net-(U2-Pad44)">
      <node ref="U2" pin="44"/>
    </net>
    <net code="14" name="Net-(U2-Pad36)">
      <node ref="U2" pin="36"/>
    </net>
    <net code="15" name="Net-(U2-Pad35)">
      <node ref="U2" pin="35"/>
    </net>
    <net code="16" name="Net-(U2-Pad34)">
      <node ref="U2" pin="34"/>
    </net>
    <net code="17" name="Net-(U2-Pad30)">
      <node ref="U2" pin="30"/>
    </net>
    <net code="18" name="Net-(U2-Pad29)">
      <node ref="U2" pin="29"/>
    </net>
    <net code="19" name="Net-(U2-Pad62)">
      <node ref="U2" pin="62"/>
    </net>
    <net code="20" name="Net-(U2-Pad61)">
      <node ref="U2" pin="61"/>
    </net>
    <net code="21" name="Net-(U2-Pad57)">
      <node ref="U2" pin="57"/>
    </net>
    <net code="22" name="Net-(U2-Pad56)">
      <node ref="U2" pin="56"/>
    </net>
    <net code="23" name="Net-(U2-Pad27)">
      <node ref="U2" pin="27"/>
    </net>
    <net code="24" name="Net-(U2-Pad26)">
      <node ref="U2" pin="26"/>
    </net>
    <net code="25" name="Net-(U2-Pad50)">
      <node ref="U2" pin="50"/>
    </net>
    <net code="26" name="Net-(U2-Pad45)">
      <node ref="U2" pin="45"/>
    </net>
    <net code="27" name="Net-(U2-Pad4)">
      <node ref="U2" pin="4"/>
    </net>
    <net code="28" name="Net-(U2-Pad41)">
      <node ref="U2" pin="41"/>
    </net>
    <net code="29" name="Net-(U2-Pad17)">
      <node ref="U2" pin="17"/>
    </net>
    <net code="30" name="Net-(U2-Pad16)">
      <node ref="U2" pin="16"/>
    </net>
    <net code="31" name="Net-(U2-Pad15)">
      <node ref="U2" pin="15"/>
    </net>
    <net code="32" name="Net-(U2-Pad14)">
      <node ref="U2" pin="14"/>
    </net>
    <net code="33" name="Net-(D3-Pad2)">
      <node ref="D3" pin="2"/>
      <node ref="U2" pin="33"/>
    </net>
    <net code="34" name="Net-(U2-Pad10)">
      <node ref="U2" pin="10"/>
    </net>
    <net code="35" name="Net-(D2-Pad1)">
      <node ref="D2" pin="1"/>
      <node ref="R1" pin="1"/>
    </net>
    <net code="36" name="Net-(U2-Pad54)">
      <node ref="U2" pin="54"/>
    </net>
    <net code="37" name="Net-(U2-Pad8)">
      <node ref="U2" pin="8"/>
    </net>
    <net code="38" name="Net-(U2-Pad9)">
      <node ref="U2" pin="9"/>
    </net>
    <net code="39" name="Net-(U2-Pad11)">
      <node ref="U2" pin="11"/>
    </net>
    <net code="40" name="Net-(U2-Pad24)">
      <node ref="U2" pin="24"/>
    </net>
    <net code="41" name="Net-(U2-Pad25)">
      <node ref="U2" pin="25"/>
    </net>
    <net code="42" name="Net-(U2-Pad37)">
      <node ref="U2" pin="37"/>
    </net>
    <net code="43" name="Net-(U2-Pad38)">
      <node ref="U2" pin="38"/>
    </net>
    <net code="44" name="Net-(U2-Pad39)">
      <node ref="U2" pin="39"/>
    </net>
    <net code="45" name="Net-(U2-Pad40)">
      <node ref="U2" pin="40"/>
    </net>
    <net code="46" name="Net-(U2-Pad51)">
      <node ref="U2" pin="51"/>
    </net>
    <net code="47" name="Net-(U2-Pad52)">
      <node ref="U2" pin="52"/>
    </net>
    <net code="48" name="Net-(U2-Pad53)">
      <node ref="U2" pin="53"/>
    </net>
    <net code="49" name="Net-(U2-Pad2)">
      <node ref="U2" pin="2"/>
    </net>
    <net code="50" name="Net-(U2-Pad3)">
      <node ref="U2" pin="3"/>
    </net>
    <net code="51" name="Net-(C1-Pad1)">
      <node ref="C1" pin="1"/>
      <node ref="FB1" pin="1"/>
      <node ref="U1" pin="3"/>
    </net>
    <net code="52" name="Net-(F1-Pad2)">
      <node ref="F1" pin="2"/>
      <node ref="FB1" pin="2"/>
    </net>
    <net code="53" name="Net-(D1-Pad1)">
      <node ref="F1" pin="1"/>
      <node ref="D1" pin="1"/>
    </net>
    <net code="54" name="SPI1_MISO">
      <node ref="J6" pin="2"/>
      <node ref="U2" pin="22"/>
    </net>
    <net code="55" name="SWO">
      <node ref="J4" pin="6"/>
      <node ref="U2" pin="55"/>
    </net>
    <net code="56" name="USART1_TX">
      <node ref="U2" pin="42"/>
      <node ref="J2" pin="2"/>
    </net>
    <net code="57" name="SPI1_MOSI">
      <node ref="U2" pin="23"/>
      <node ref="J6" pin="1"/>
    </net>
    <net code="58" name="SPI1_SCK">
      <node ref="J6" pin="3"/>
      <node ref="U2" pin="21"/>
    </net>
    <net code="59" name="SPI1_CS">
      <node ref="J6" pin="4"/>
      <node ref="U2" pin="20"/>
    </net>
    <net code="60" name="SWCLK">
      <node ref="U2" pin="49"/>
      <node ref="J4" pin="4"/>
    </net>
    <net code="61" name="SWDIO">
      <node ref="U2" pin="46"/>
      <node ref="J4" pin="2"/>
    </net>
    <net code="62" name="USART1_RX">
      <node ref="J2" pin="1"/>
      <node ref="U2" pin="43"/>
    </net>
    <net code="63" name="HSE_OUT">
      <node ref="R6" pin="1"/>
      <node ref="U2" pin="6"/>
    </net>
    <net code="64" name="HSE_IN">
      <node ref="U2" pin="5"/>
      <node ref="C17" pin="1"/>
      <node ref="HSE1" pin="1"/>
    </net>
    <net code="65" name="I2C1_SDA">
      <node ref="U2" pin="59"/>
      <node ref="R5" pin="2"/>
      <node ref="J5" pin="1"/>
    </net>
    <net code="66" name="I2C1_SCL">
      <node ref="U2" pin="58"/>
      <node ref="R4" pin="2"/>
      <node ref="J5" pin="2"/>
    </net>
    <net code="67" name="+3.3VA">
      <node ref="U2" pin="13"/>
      <node ref="FB2" pin="1"/>
      <node ref="C14" pin="1"/>
      <node ref="C13" pin="1"/>
    </net>
  </nets>
</export>
